Time [s],Channel 4,Channel 8
0.000000000,0,0
225.643950880,1,0
225.644653920,0,0
228.616685280,0,1
228.725082720,0,0
237.342220960,0,1
237.445034880,0,0
242.880994080,1,0
242.880994240,0,0
251.628882400,0,1
251.953236160,0,0
251.953236800,0,1
251.953237760,0,0
254.532145280,0,1
254.851186560,1,1
254.856253600,1,0
254.945348800,0,0
278.083855360,0,1
278.194624320,0,0
286.893908640,1,0
286.894751680,0,0
289.387079040,0,1
289.387079200,0,0
292.744065600,1,0
292.744810400,0,0
298.613399840,0,1
298.615899840,0,0
643.368110560,1,0
643.368110720,0,0
649.373057920,0,1
649.595540160,0,0
661.210857600,0,1
661.309969120,0,0
669.695952800,0,1
670.027946560,0,0
681.532694400,1,0
681.634195680,0,0
693.214722400,1,0
693.215469920,0,0
693.249189760,0,1
693.354220480,0,0
696.142397600,1,0
696.143240160,0,0
699.063480160,1,0
699.064208160,0,0
1076.172571200,0,1
1076.382351680,0,0
1090.683771200,0,1
1090.899111040,0,0
1093.587437600,1,0
1093.587437760,0,0
1096.742488320,1,0
1096.845987200,0,0
1117.103092160,1,0
1117.202765120,0,0
1122.942655520,1,0
1123.045992800,0,0
1128.848836480,0,1
1128.962535520,0,0
1137.177484960,0,1
1137.177485120,0,0
1137.569572640,1,0
1137.570275040,0,0
1149.248128960,1,0
1149.248854080,0,0
1152.191684160,0,1
1152.194212640,0,0
1511.663341440,0,1
1511.702501120,1,1
1511.702501280,0,1
1511.887629120,0,0
1514.569306880,0,1
1514.890186240,1,1
1514.904368640,1,0
1514.985954400,0,0
1912.133640000,1,0
1912.353631840,0,0
1915.118930720,1,0
1915.118930880,0,0
1921.023455520,0,1
1921.262554880,0,0
1923.883058080,1,0
1923.883058240,0,0
1926.841453920,1,0
1926.841454080,0,0
1926.979311840,1,0
1927.084611520,0,0
1932.637154720,0,1
1932.962541920,0,0
1932.962542880,0,1
1932.962543680,0,0
1935.530830720,1,0
1935.530830880,0,0
1938.444020000,0,1
1938.663385120,0,0
1944.258153120,0,1
1944.483758560,0,0
1947.159438240,0,1
1947.381724640,0,0
1953.265164480,1,0
1953.364844640,0,0
1964.959972480,1,0
1964.960747040,0,0
1967.532512160,0,1
1967.532512320,0,0
1970.585201600,1,0
1970.800526880,0,0
1973.831333920,1,0
1973.832044320,0,0
1976.250198720,0,1
1976.250198880,0,0
1982.488958880,1,0
1982.489714560,0,0
1985.449534880,0,1
1985.452076960,0,0
2324.295634720,1,0
2324.515398240,0,0
2339.321540320,0,1
2339.433538720,0,0
2348.038939360,0,1
2348.130452000,0,0
2356.517744000,0,1
2356.857990240,0,0
2359.697336480,1,0
2359.796876320,0,0
2365.234575840,0,1
2365.546346080,1,1
2365.547041440,0,1
2365.553001920,0,0
2379.742965440,0,1
2380.075948960,0,0
2385.549410560,0,1
2385.878296000,0,0
2400.169237760,0,1
2400.169237920,0,0
2400.603292320,0,1
2400.605792160,0,0
2768.616552320,1,0
2768.616552480,0,0
2771.671814240,0,1
2771.929725120,0,0
2771.929726080,0,1
2771.929726720,0,0
2786.184713920,0,1
2786.400297120,0,0
2791.993533280,0,1
2792.340307360,0,0
2792.340308480,0,1
2792.340308800,0,0
2797.796993440,0,1
2798.027582400,0,0
2806.822722880,1,0
2806.929807840,0,0
2812.438244000,1,0
2812.782336480,0,0
3198.184089120,1,0
3198.184089280,0,0
3201.327211840,0,1
3201.555506720,0,0
3201.555507680,0,1
3201.555508480,0,0
3207.133535200,0,1
3207.355306560,0,0
3212.877143360,1,0
3212.877143520,0,0
3212.937070400,0,1
3213.155821120,0,0
3213.155821920,0,1
3213.155823040,0,0
3230.578234560,0,1
3230.683230560,0,0
3233.586132160,1,0
3233.700356640,0,0
3239.321149120,1,0
3239.321865600,0,0
3259.772907040,1,0
3259.773740480,0,0
3262.342042080,0,1
3262.342042240,0,0
3265.397988320,1,0
3265.720308160,0,0
3271.011491040,0,1
3271.011491200,0,0
3271.072314400,0,1
3271.072314560,0,0
3271.096620000,0,1
3271.096620160,0,0
3282.611683840,0,1
3282.611684000,0,0
3297.224857600,0,1
3297.224857760,0,0
3305.940999040,0,1
3305.940999200,0,0
3308.837787360,0,1
3308.837787520,0,0
3314.640736480,0,1
3314.640736640,0,0
3334.896494080,0,1
3334.896494240,0,0
3346.527105280,0,1
3346.527105440,0,0
3358.101850720,0,1
3358.101850880,0,0
3375.526945920,0,1
3375.526946080,0,0
3384.268477120,0,1
3384.268477280,0,0
3390.061385920,0,1
3390.061386080,0,0
3448.147267520,0,1
3448.147267680,0,0
3459.695173760,0,1
3459.695173920,0,0
3474.224766080,0,1
3474.224766240,0,0
3488.755685280,0,1
3488.755685440,0,0
3517.794137120,0,1
3517.794137280,0,0
3520.698683360,0,1
3520.698683520,0,0
3543.882704480,0,1
3543.882704640,0,0
3549.756352800,0,1
3549.756352960,0,0
3575.835830720,0,1
3575.835830880,0,0
3596.197321600,0,1
3596.197321760,0,0
3613.628614080,0,1
3613.628614240,0,0
3622.267991040,0,1
3622.267991200,0,0
3630.803918560,1,0
3631.018051520,0,0
3631.063899680,0,1
3631.063899840,0,0
3634.048407040,1,0
3634.049125120,0,0
3636.995924000,0,1
3637.110404960,0,0
3639.565927360,1,0
3639.788055360,0,0
3645.737577600,1,0
3645.846721280,0,0
3651.509633280,0,1
3651.623960000,0,0
3657.175723200,1,0
3657.175723360,0,0
3660.000309440,0,1
3660.244345120,1,1
3660.326983200,1,0
3660.343914880,0,0
3663.176454080,1,0
3663.177152160,0,0
4057.568973600,1,0
4057.913092000,0,0
4060.491427520,1,0
4060.814988960,0,0
4066.338416640,1,0
4066.556722720,0,0
4066.657566080,0,1
4066.773129440,0,0
4075.144486880,0,1
4075.486298880,0,0
4080.950550720,0,1
4081.191331520,0,0
4081.191332480,0,1
4081.191333440,0,0
4084.193354560,1,0
4084.304608160,0,0
4089.936817280,1,0
4090.042024960,0,0
4092.894408160,0,1
4092.997215840,0,0
4110.405070240,1,0
4110.405888160,0,0
4113.418058400,0,1
4113.420537600,0,0
4484.354216800,1,0
4484.567460800,0,0
4487.375267520,1,0
4487.375267680,0,0
4490.293614560,0,1
4490.522676960,0,0
4493.153896800,1,0
4493.153896960,0,0
4496.100140640,0,1
4496.362951360,1,1
4496.441656160,1,0
4496.466086080,0,0
4501.909409600,0,1
4502.127504960,0,0
4507.715969920,0,1
4507.948650400,0,0
4516.719268000,1,0
4516.822703360,0,0
4519.649695680,1,0
4519.754560000,0,0
4525.136259680,0,1
4525.480057920,0,0
4917.299896480,0,1
4917.408554720,0,0
4923.106942240,0,1
4923.211452160,0,0
4923.211453280,0,1
4923.211453920,0,0
4926.000844160,0,1
4926.108833600,0,0
4929.006271520,1,0
4929.103895360,0,0
4934.402035360,1,0
4934.628013120,0,0
4937.649656640,1,0
4937.758653920,0,0
4943.202542560,0,1
4943.500052640,1,1
4943.531801600,1,0
4943.605497120,0,0
4946.105816160,0,1
4946.327700800,0,0
4958.006398400,1,0
4958.107669120,0,0
4960.846789440,0,1
4960.955842560,0,0
5340.744622560,1,0
5340.970661920,0,0
5352.563262720,0,1
5352.796451840,0,0
5355.402168480,1,0
5355.402168640,0,0
5355.461372640,0,1
5355.685676160,0,0
5355.685677280,0,1
5355.685677440,0,0
5364.405616000,0,1
5364.510087200,0,0
5367.361320960,1,0
5367.474182400,0,0
5370.193921920,1,0
5370.194720800,0,0
5378.948031520,1,0
5379.058516960,0,0
5381.590267360,0,1
5381.923149280,0,0
5387.832609120,0,1
5387.941224320,0,0
5770.847246720,0,1
5771.257907680,0,0
5773.417433440,1,0
5773.417433600,0,0
5776.659706720,0,1
5776.774597600,0,0
5782.238275520,0,1
5782.462096320,0,0
5788.056951200,0,1
5788.286891840,0,0
5796.753592800,0,1
5796.977006560,0,0
5808.670396160,1,0
5808.766058720,0,0
5811.595688160,1,0
5811.596466560,0,0
5823.281746560,1,0
5823.315583520,1,1
5823.394413600,0,1
5823.425495520,0,0
6211.849716640,1,0
6212.074625440,0,0
6215.033747520,0,1
6215.139970560,0,0
6223.765316320,1,0
6223.868662880,0,0
6229.599559520,1,0
6229.600270400,0,0
6235.229520960,1,0
6235.446622880,0,0
6235.571500960,0,1
6235.680574080,0,0
6615.145952480,1,0
6615.371022240,0,0
6620.993641440,1,0
6621.212022560,0,0
6627.235889920,0,1
6627.543735360,0,0
6638.524842560,1,0
6638.844259200,1,1
6638.853408640,0,1
6638.955265120,0,0
6641.778400960,1,0
6641.894706400,0,0
6647.291754560,1,0
6647.515979040,0,0
6647.553403680,0,1
6647.654262560,0,0
6656.066011200,1,0
6656.066011360,0,0
6659.093361280,1,0
6659.093361440,0,0
6661.845813440,0,1
6662.181982080,0,0
6662.181983040,0,1
6662.181984000,0,0
6664.935524000,1,0
6664.935524160,0,0
6667.649565280,0,1
6667.974956480,1,1
6667.987918240,1,0
6667.987919200,1,1
6667.987919840,1,0
6668.085867840,0,0
7044.852776160,1,0
7045.077942880,0,0
7048.141195520,0,1
7048.240207040,0,0
7051.046325280,0,1
7051.172314080,0,0
7056.768430720,1,0
7056.769221760,0,0
7062.431617760,0,1
7062.662466080,0,0
7068.239498560,0,1
7068.463378240,0,0
7071.382567840,1,0
7071.482115360,0,0
7074.299003360,1,0
7074.299710400,0,0
7082.844417120,1,0
7083.173610080,0,0
7085.990013280,1,0
7086.089311840,0,0
7094.538396640,1,0
7094.758330400,0,0
7097.778491040,1,0
7097.779174240,0,0
7100.603801600,1,0
7100.604490240,0,0
7106.522991360,0,1
7106.525501920,0,0
7466.121504640,1,0
7466.222858240,0,0
7474.557402080,1,0
7474.893514560,0,0
7477.703847200,1,0
7477.704605280,0,0
7477.774730880,0,1
7477.885001120,0,0
7483.578270240,0,1
7483.682914080,0,0
7486.487948640,0,1
7486.592662560,0,0
7492.094233760,1,0
7492.415184800,0,0
7497.936343040,1,0
7498.168480000,0,0
7498.192996800,0,1
7498.298496800,0,0
7503.677875680,0,1
7503.997460800,1,1
7503.998162880,0,1
7504.010799680,0,0
7892.665595840,0,1
7892.894348960,0,0
7910.249444000,1,0
7910.250174560,0,0
7913.166628320,1,0
7913.167368640,0,0
7913.198892800,0,1
7913.301409120,0,0
7918.781103840,1,0
7919.309167200,0,0
7921.688217440,0,1
7922.455740000,0,0
7927.498896960,0,1
7927.568258080,1,1
7927.568258240,0,1
7927.773260960,1,1
7927.820407360,1,0
7927.882031040,0,0
7930.687561280,1,0
7930.688314400,0,0
7933.720298080,1,0
7933.721053440,0,0
7936.207983680,0,1
7936.207983840,0,0
7939.105446560,0,1
7939.105446720,0,0
7939.242024480,1,0
7939.463293920,0,0
7942.450495200,0,1
7942.484735360,1,1
7942.485510400,0,1
7942.555612000,0,0
7951.149222240,1,0
7951.149958400,0,0
7954.169399040,0,1
7954.174264320,0,0
7954.174264640,0,1
7954.174265760,0,0
8296.440996640,1,0
8296.443505600,0,0
8328.097362400,0,1
8328.313223680,0,0
8331.216093920,0,1
8331.302418240,1,1
8331.313814560,1,0
8331.411502720,0,0
8351.649779360,1,0
8351.745681600,0,0
8737.422749280,0,1
8737.748691680,0,0
8743.373841600,1,0
8743.477156480,0,0
8746.356590240,0,1
8746.457278880,0,0
8751.935501600,0,1
8752.270354880,0,0
8757.968785760,0,1
8758.075060960,0,0
8760.703046400,1,0
8760.703046560,0,0
8772.257123840,0,1
8772.587964480,0,0
8795.830599840,1,0
8795.830600000,0,0
8810.386287200,1,0
8810.386287360,0,0
8822.103011840,1,0
8822.103012000,0,0
8824.974006880,1,0
8824.974007040,0,0
8854.288147360,1,0
8854.288147520,0,0
8865.958059360,1,0
8865.958059520,0,0
8871.765441280,1,0
8871.765441440,0,0
8906.890509280,1,0
8906.890509440,0,0
8936.095653280,1,0
8936.095653440,0,0
8950.707161440,1,0
8950.707161600,0,0
8956.518554560,1,0
8956.518554720,0,0
8985.779921120,1,0
8985.779921280,0,0
9014.969257120,1,0
9014.969257280,0,0
9023.798505440,1,0
9023.798505600,0,0
9044.155834080,1,0
9044.155834240,0,0
9090.933721760,1,0
9090.933721920,0,0
9128.899412160,1,0
9128.899412320,0,0
9137.702095200,1,0
9137.702095360,0,0
9155.449775200,0,1
9155.665626560,0,0
9192.136788640,1,0
9192.136788800,0,0
9213.794863040,1,0
9213.896388800,0,0
9222.434877440,0,1
9222.555691200,0,0
9225.289600960,1,0
9225.290319520,0,0
9236.977959520,1,0
9237.083350400,0,0
9242.498253440,1,0
9242.721930560,0,0
9245.647289440,1,0
9245.759946720,0,0
9248.575611520,1,0
9248.677224640,0,0
9269.190105280,0,1
9269.192688640,0,0
9277.368624320,0,1
9277.368624480,0,0
9277.785459040,1,0
9277.786184160,0,0
9280.353566080,0,1
9280.353566240,0,0
9283.627827840,1,0
9283.628629440,0,0
9309.355084960,0,1
9309.355085120,0,0
9329.655365280,0,1
9329.655365440,0,0
9350.007597760,0,1
9350.007597920,0,0
9355.833358240,0,1
9355.833358400,0,0
9381.931159520,0,1
9381.931159680,0,0
9390.563598720,0,1
9390.563598880,0,0
9408.056220000,0,1
9408.056220160,0,0
9408.075901280,0,1
9408.075901440,0,0
9434.180849920,0,1
9434.180850080,0,0
9466.125206080,0,1
9466.125206240,0,0
9474.751200960,0,1
9474.751201120,0,0
9474.777095360,0,1
9474.777095520,0,0
9477.704497440,0,1
9477.704497600,0,0
9538.661120320,0,1
9538.661120480,0,0
9559.020843200,0,1
9559.020843360,0,0
9570.631379200,0,1
9570.631379360,0,0
9573.478784320,0,1
9573.478784480,0,0
9625.786005120,0,1
9625.786005280,0,0
9663.644897440,0,1
9663.751658560,0,0
9666.462687680,1,0
9666.567488800,0,0
9677.931309920,0,1
9678.253017280,1,1
9678.267313280,1,0
9678.267314400,1,1
9678.267314720,1,0
9678.367357600,0,0
9683.734505280,0,1
9684.084712960,0,0
9686.694839520,1,0
9687.005455040,0,0
9689.872961280,0,1
9689.974647840,0,0
10072.548835360,1,0
10072.769673280,0,0
10078.391337120,1,0
10078.722857600,0,0
10090.353864160,0,1
10090.460377120,0,0
10095.943463840,0,1
10096.265563840,0,0
10098.848941600,0,1
10099.076944960,0,0
10101.815560000,1,0
10101.815560160,0,0
10101.842504320,1,0
10101.842504480,0,0
10101.863991680,1,0
10101.863991840,0,0
10110.679767520,0,1
10110.780649440,0,0
10110.780650400,0,1
10110.780650560,0,0
10145.667570400,1,0
10145.667570560,0,0
10160.284587360,1,0
10160.284587520,0,0
10160.291324960,1,0
10160.291325120,0,0
10183.668664800,1,0
10183.668664960,0,0
10206.986994880,1,0
10206.986995040,0,0
10233.280523360,1,0
10233.280523520,0,0
10250.881825440,1,0
10250.881825600,0,0
10274.262395200,1,0
10274.262395360,0,0
10348.709622400,0,1
10348.821352160,0,0
10384.712213120,1,0
10384.712213280,0,0
10415.399552320,1,0
10415.497756320,0,0
10429.791594400,0,1
10429.912913920,1,1
10429.986129600,1,0
10430.020244160,0,0
10435.759857120,1,0
10435.760608320,0,0
10441.601934080,1,0
10441.708928000,0,0
10447.117513600,1,0
10447.338661280,0,0
10450.039866080,1,0
10450.261286880,0,0
10458.793239840,0,1
10459.128713760,0,0
10461.698696320,0,1
10461.795835840,1,1
10461.795836000,0,1
10461.916103520,0,0
10464.598657120,0,1
10464.852468160,0,0
10464.852468960,0,1
10464.852469760,0,0
10467.503907360,0,1
10467.727716160,0,0
10470.406740480,0,1
10470.747520800,0,0
10470.747520960,0,1
10470.747522080,0,0
10479.340311040,1,0
10479.340311200,0,0
10484.918005760,0,1
10485.137365440,0,0
10485.158263200,1,0
10485.158263360,0,0
10488.043462720,1,0
10488.043462880,0,0
10526.019816000,1,0
10526.019816160,0,0
10581.641907520,1,0
10581.641907680,0,0
10602.019257920,1,0
10602.019258080,0,0
10613.771981280,1,0
10613.771981440,0,0
10634.160456480,1,0
10634.160456640,0,0
10692.649917280,1,0
10692.649917440,0,0
10765.724808000,1,0
10765.724808160,0,0
10786.100536960,1,0
10786.100537120,0,0
10794.873994240,1,0
10794.873994400,0,0
10812.414494560,1,0
10812.414494720,0,0
10824.137214240,1,0
10824.137214400,0,0
10835.855007040,1,0
10835.855007200,0,0
10841.695934240,1,0
10841.695934400,0,0
10853.385464480,1,0
10853.385464640,0,0
10859.578212000,0,1
10859.709845760,0,0
10862.481896160,0,1
10862.595617120,0,0
10865.315230560,1,0
10865.412983200,0,0
10876.997648160,0,1
10877.339060640,0,0
10879.937937120,1,0
10880.039528320,0,0
10882.845744000,1,0
10882.846462880,0,0
10894.188210720,0,1
10894.427814560,0,0
10897.095677600,0,1
10897.315151840,0,0
10897.348616000,1,0
10897.457312960,0,0
10900.281744160,1,0
10900.390765760,0,0
10909.243752480,0,1
10909.265036160,0,0
11277.527307520,0,1
11277.633764320,0,0
11286.343353760,1,0
11286.446748800,0,0
11291.966040800,1,0
11292.071268480,0,0
11300.758458080,0,1
11300.860813440,0,0
11306.330898720,0,1
11306.544710880,0,0
11309.448747520,0,1
11309.560545600,0,0
11312.352393760,0,1
11312.468455680,0,0
11315.350756640,1,0
11315.454513920,0,0
11332.452664960,0,1
11332.669753280,0,0
11683.973697760,1,0
11683.976025760,0,0
11692.640758080,1,0
11692.747841120,0,0
11701.066219680,0,1
11701.415218560,0,0
11701.415219520,0,1
11701.415220000,0,0
11703.968869440,0,1
11704.194739040,0,0
11707.047026720,1,0
11707.148349440,0,0
11709.994759520,0,1
11710.103658080,0,0
11718.479440000,0,1
11718.699425600,0,0
11718.699426720,0,1
11718.699427520,0,0
11721.515795840,1,0
11721.515796000,0,0
11721.606533280,0,1
11721.713024160,0,0
11721.713025120,0,1
11721.713025600,0,0
11724.506325760,0,1
11724.572327680,1,1
11724.618998240,1,0
11724.673582400,0,0
12113.218582560,0,1
12113.435992800,0,0
12127.836293120,1,0
12127.836293280,0,0
12130.625009760,0,1
12130.838167840,0,0
12133.809592160,1,0
12133.918590720,0,0
12145.139411360,0,1
12145.362168320,0,0
12145.362168480,0,1
12145.362169600,0,0
12145.362170560,0,1
12145.362170880,0,0
12531.316689280,0,1
12531.426482080,0,0
12536.839637760,1,0
12537.063878080,0,0
12548.539521600,1,0
12548.539521760,0,0
12551.636681920,0,1
12551.749504000,0,0
12551.749504320,0,1
12551.749505440,0,0
12560.446566880,1,0
12560.553587040,0,0
12934.550781120,0,1
12934.781149760,0,0
12943.261877280,0,1
12943.591983040,0,0
12946.480079680,1,0
12946.586930880,0,0
12954.872935040,0,1
12955.099620160,0,0
12957.951186080,1,0
12958.050596320,0,0
12963.578603840,0,1
12963.805209760,0,0
12969.386474400,0,1
12969.617057920,0,0
12969.617058400,0,1
12969.617059360,0,0
12972.376787040,1,0
12972.376787200,0,0
12975.189302400,0,1
12975.521442720,0,0
12975.521443840,0,1
12975.521444640,0,0
12978.091942080,0,1
12978.416983200,0,0
12978.416984320,0,1
12978.416984640,0,0
13027.872860800,1,0
13027.872860960,0,0
13048.415902880,1,0
13048.415903040,0,0
13074.638463680,1,0
13074.638463840,0,0
13086.375878880,1,0
13086.375879040,0,0
13098.019231680,1,0
13098.019231840,0,0
13141.872597920,1,0
13141.872598080,0,0
13144.839224160,1,0
13144.839224320,0,0
13156.481183680,1,0
13156.481183840,0,0
13168.208620800,1,0
13168.208620960,0,0
13191.563205280,1,0
13191.563205440,0,0
13211.942380960,1,0
13211.942381120,0,0
13229.520979200,1,0
13229.520979360,0,0
13244.095894560,1,0
13244.095894720,0,0
13277.325179840,1,0
13277.327662400,0,0
13297.228417600,1,0
13297.450413440,0,0
13314.973550240,0,1
13315.084853280,0,0
13317.745377920,1,0
13317.745378080,0,0
13320.627665760,1,0
13320.627665920,0,0
13341.079365280,1,0
13341.079365440,0,0
13446.279172320,1,0
13446.279172480,0,0
13449.204241120,1,0
13449.204241280,0,0
13449.270118240,1,0
13449.270118400,0,0
13452.175033760,1,0
13452.175033920,0,0
13478.412748640,1,0
13478.412748800,0,0
13510.586021280,1,0
13510.586021440,0,0
13528.074233440,1,0
13528.074233600,0,0
13621.609454400,1,0
13621.609454560,0,0
13665.486214400,1,0
13665.486214560,0,0
13685.878204160,1,0
13685.878204320,0,0
13686.363291680,0,1
13686.460508000,0,0
13697.741175680,0,1
13698.084749280,0,0
13703.762015840,0,1
13703.876801920,0,0
13706.663568320,0,1
13706.779259360,0,0
13706.779260160,0,1
13706.779261440,0,0
13712.252152960,0,1
13712.477732480,0,0
13715.063605920,1,0
13715.063606080,0,0
13724.080055840,0,1
13724.181396800,0,0
13729.658760960,0,1
13729.876204000,0,0
13729.876204960,0,1
13729.876205760,0,0
13741.263643520,0,1
13741.485662080,0,0
13756.017721920,1,0
13756.017722080,0,0
13799.900592640,1,0
13799.900592800,0,0
13805.740668960,1,0
13805.740669120,0,0
13870.768928800,1,0
13870.768928960,0,0
13895.014636960,0,1
13895.239426240,0,0
13897.915963040,0,1
13898.148836800,0,0
13931.441500960,1,0
13931.441501120,0,0
13937.520304000,1,0
13937.520304160,0,0
13956.165895200,0,1
13956.285242720,0,0
13959.072187520,0,1
13959.185279680,0,0
13961.963485280,0,1
13962.058588640,0,0
13967.549059360,0,1
13967.887280960,0,0
13973.905088800,1,0
13973.905088960,0,0
14028.476563520,0,1
14028.706111200,0,0
14034.575661440,1,0
14034.575661600,0,0
14101.011293440,0,1
14101.335996000,0,0
14103.915479680,0,1
14104.251301120,0,0
14131.593380160,1,0
14131.593380320,0,0
14134.603027840,1,0
14134.603028000,0,0
14161.945613600,0,1
14162.283098720,0,0
14162.283099680,0,1
14162.283100160,0,0
14171.027567840,1,0
14171.027568000,0,0
14192.253115040,1,0
14192.253115200,0,0
14210.464744800,1,0
14210.464744960,0,0
14228.900095200,1,0
14229.011281920,0,0
14237.398726560,0,1
14237.607585280,0,0
14240.292882240,0,1
14240.475275840,1,1
14240.475996640,0,1
14240.981077600,0,0
14246.096274080,0,1
14246.324484000,0,0
14637.886433280,0,1
14638.108510240,0,0
14638.108510400,0,1
14638.108511360,0,0
14643.621113920,1,0
14643.621114080,0,0
14649.645025440,1,0
14649.752062560,0,0
14658.199743040,0,1
14658.535931520,0,0
14666.906455520,0,1
14667.284229920,1,1
14667.285003360,0,1
14667.461972480,0,0
14670.094284320,1,0
14670.095105760,0,0
14673.131119360,1,0
14673.131742400,0,0
14675.941965120,1,0
14675.942694560,0,0
14676.042041920,0,1
14676.145039680,0,0
15052.930680800,0,1
15053.157948320,0,0
15058.735724960,0,1
15059.047206560,1,1
15059.058114240,1,0
15059.146848160,0,0
15073.248138720,0,1
15073.428720960,1,1
15073.429534240,0,1
15073.587080000,0,0
15082.197733440,1,0
15082.301143040,0,0
15090.670132000,0,1
15090.670132160,0,0
15090.995066400,0,1
15091.057921120,1,1
15091.058649920,0,1
15091.097813920,0,0
15108.492465120,1,0
15108.606383200,1,1
15108.606850240,0,1
15108.608940960,0,0
15485.209404480,1,0
15485.447434880,0,0
15494.304909120,0,1
15494.411340800,0,0
15499.874331360,0,1
15500.101196640,0,0
15502.828359680,1,0
15502.828359840,0,0
15503.067760320,1,0
15503.173270560,0,0
15505.693972960,0,1
15505.927517760,0,0
15511.738743360,1,0
15511.853503680,0,0
15520.503366080,1,0
15520.504118720,0,0
15540.738486080,1,0
15541.070917280,0,0
15543.482151520,0,1
15543.482151680,0,0
15543.875931200,1,0
15543.973482720,0,0
15549.278668160,0,1
15549.278668320,0,0
15549.647118240,0,1
15549.762892640,0,0
15885.682992800,1,0
15885.682992960,0,0
15889.018553120,1,0
15889.121763520,0,0
15900.595324640,1,0
15900.698886880,0,0
15909.044075840,1,0
15909.044076000,0,0
15912.247169600,0,1
15912.353569120,0,0
15914.929860640,1,0
15914.929860800,0,0
15915.112799680,1,0
15915.225256800,0,0
15915.259045440,0,1
15915.259903200,0,0
15929.783128960,0,1
15929.888806720,0,0
15935.575679200,0,1
15935.711149280,0,0
15953.086525280,1,0
15953.191779360,0,0
15955.594027680,0,1
15955.594027840,0,0
15956.005269760,1,0
15956.006023520,0,0
15958.932682240,1,0
15958.933383520,0,0
15964.550168160,1,0
15964.804942080,1,1
15964.807449760,1,0
15964.807450240,1,1
15964.807451360,1,0
15964.869882240,0,0
16315.322391680,1,0
16315.541802400,0,0
16327.231978240,1,0
16327.232679200,0,0
16344.726936800,0,1
16344.843581600,0,0
16347.639616960,0,1
16347.735057440,0,0
16367.954649280,1,0
16367.954649440,0,0
16376.771858400,1,0
16376.771858560,0,0
16391.299083200,1,0
16391.299083360,0,0
16400.174264000,1,0
16400.174264160,0,0
16429.383354720,1,0
16429.383354880,0,0
16516.955432480,1,0
16516.955432640,0,0
16525.754724160,1,0
16525.754724320,0,0
16537.496518720,1,0
16537.496518880,0,0
16575.508818400,1,0
16575.508818560,0,0
16639.764514880,1,0
16639.764515040,0,0
16654.301697120,1,0
16654.301697280,0,0
16654.375189280,1,0
16654.375189440,0,0
16677.746174880,1,0
16677.746175040,0,0
16689.376901120,1,0
16689.376901280,0,0
16709.873280000,1,0
16709.873280160,0,0
16727.907960320,1,0
16727.910430400,0,0
16739.483580480,0,1
16739.590463680,0,0
16742.422154560,1,0
16742.523570080,0,0
16750.880771040,0,1
16751.062447520,1,1
16751.063243520,0,1
16751.214478880,0,0
16765.579814400,1,0
16765.617668800,1,1
16765.692582400,0,1
16765.736298720,0,0
16774.176708960,0,1
16774.176709120,0,0
16777.034383680,1,0
16777.261503360,0,0
16780.133044640,0,1
16780.241399520,0,0
16794.417718560,0,1
16794.645098400,0,0
17154.573357920,1,0
17154.674472800,0,0
17163.067689120,0,1
17163.298026080,0,0
17177.834123200,1,0
17177.950357920,0,0
17180.489535680,0,1
17180.757307360,1,1
17180.758015840,0,1
17180.808380960,0,0
17183.568947680,1,0
17183.569743520,0,0
17198.187370560,1,0
17198.296367040,0,0
17201.203897280,1,0
17201.204735360,0,0
17203.760041920,0,1
17203.760042080,0,0
17204.134996960,1,0
17204.135710720,0,0
17207.054202720,1,0
17207.055009440,0,0
17209.831213920,0,1
17209.935778560,0,0
17209.935779360,0,1
17209.935780000,0,0
17578.389089600,1,0
17578.484536800,0,0
17584.116612320,1,0
17584.117297920,0,0
17595.592757280,0,1
17595.910621600,0,0
17595.910622720,0,1
17595.910623040,0,0
17598.493843680,1,0
17598.493843840,0,0
17601.379619360,1,0
17601.379619520,0,0
17601.395779200,0,1
17601.626505120,0,0
17613.001849440,0,1
17613.245938560,1,1
17613.322611520,1,0
17613.352972320,0,0
17619.153555360,0,1
17619.262678880,0,0
17630.771720160,1,0
17630.878610720,0,0
17633.749706240,0,1
17633.846815680,0,0
18004.893236960,0,1
18005.136200320,0,0
18016.728762240,1,0
18016.832343680,0,0
18025.213677600,0,1
18025.431483360,0,0
18040.018440800,1,0
18040.127595520,0,0
18045.533451040,0,1
18045.771403040,0,0
18463.870065760,1,0
18463.971423200,0,0
18466.776520640,1,0
18466.877814720,0,0
18469.693925280,0,1
18470.080833120,0,0
18472.291716800,1,0
18472.511154080,0,0
18475.443379520,1,0
18475.548343680,0,0
18478.389638560,0,1
18478.500619360,0,0
18481.279146400,1,0
18481.380315360,0,0
18484.205031200,1,0
18484.313794560,0,0
18855.684143680,0,1
18855.785509440,0,0
18864.168162080,0,1
18864.311981920,1,1
18864.382288960,1,0
18864.382290080,1,1
18864.382290240,1,0
18864.421044640,0,0
18867.068708960,0,1
18867.298612640,0,0
18878.675204480,0,1
18879.011047040,0,0
18881.511599360,1,0
18881.729213120,0,0
18890.277895520,1,0
18890.277895680,0,0
18890.600514880,1,0
18890.703804320,0,0
18896.349527840,1,0
18896.456644000,0,0
18896.518976800,0,1
18896.622257120,0,0
18904.888342400,1,0
18905.031292960,1,1
18905.114163040,0,1
18905.152129600,0,0
18916.579444000,1,0
18916.921235840,0,0
18922.744284160,0,1
18922.746819840,0,0
19296.564855200,1,0
19296.887485120,0,0
19299.601143360,0,1
19299.916552800,1,1
19299.932009440,1,0
19300.021657120,0,0
19302.729329600,0,1
19302.824728640,0,0
19308.307886080,0,1
19308.547214720,0,0
19311.210898400,0,1
19311.434979360,0,0
19322.863993920,1,0
19322.933667680,1,1
19322.933667840,1,0
19323.196909440,0,0
19323.258716320,0,1
19323.361542240,0,0
19328.853678560,0,1
19328.967388640,0,0
19349.479537920,0,1
19349.484529440,0,0
19756.060674560,1,0
19756.060674720,0,0
19802.019828000,0,1
19802.122532960,0,0
19813.427684960,0,1
19813.637068320,0,0
19874.626380640,1,0
19874.733494240,0,0
19889.217658560,0,1
19889.326307680,0,0
19894.923238400,0,1
19895.028072960,0,0
19895.028074080,0,1
19895.028074880,0,0
19897.880558720,1,0
19897.974617600,0,0
19906.850098720,0,1
19906.852645280,0,0
19912.163701440,0,1
19912.163701600,0,0
19912.497014880,1,0
19912.602308800,0,0
19918.442511360,1,0
19918.443246080,0,0
19921.362375840,0,1
19921.367360640,0,0
20304.221238720,0,1
20304.329249600,0,0
20312.924193920,1,0
20313.025712320,0,0
20315.830784320,0,1
20315.945111200,0,0
20321.413377760,0,1
20321.639647200,0,0
20330.347255200,0,1
20330.459253280,0,0
20387.828996320,1,0
20387.828996480,0,0
20421.173015520,1,0
20421.173015680,0,0
20458.037066720,1,0
20458.039313120,0,0
20475.565139040,1,0
20475.567571520,0,0
20478.394895040,0,1
20478.503493120,0,0
20487.059650720,1,0
20487.163362400,0,0
20492.900249280,1,0
20492.900967520,0,0
20495.594991840,0,1
20495.812634240,0,0
20501.390602880,0,1
20501.629242080,0,0
20510.099297760,0,1
20510.318369760,0,0
20510.318370720,0,1
20510.318371520,0,0
20516.234760640,0,1
20516.349408960,0,0
20524.939914720,1,0
20524.940614400,0,0
20530.738206880,0,1
20530.839128320,0,0
20539.565898080,0,1
20539.685819040,0,0
20925.222760640,0,1
20925.559498880,0,0
20936.838756320,0,1
20937.058264640,0,0
20942.683705920,1,0
20942.960863200,1,1
20943.006012480,0,1
20943.071726720,0,0
20951.669656320,1,0
20951.670390080,0,0
20963.363234720,1,0
20963.402083680,1,1
20963.472038880,0,1
20963.511093280,0,0
21366.469969920,0,1
21366.719031520,0,0
21369.602383360,0,1
21369.714938240,0,0
21378.081562880,0,1
21378.342115360,0,0
21389.868924960,1,0
21389.868925120,0,0
21392.608242880,0,1
21392.824420640,0,0
21395.609704320,1,0
21395.609704480,0,0
21395.828253760,1,0
21395.934907840,0,0
21404.212510400,0,1
21404.535197120,0,0
21407.547644000,0,1
21407.652076160,0,0
21767.243085120,1,0
21767.348533760,0,0
21781.765707840,1,0
21781.878281280,0,0
21784.485313760,0,1
21784.715838400,0,0
21793.194029920,0,1
21793.423785760,0,0
21796.378154560,1,0
21796.483502240,0,0
21799.291134720,1,0
21799.392571520,0,0
21804.811643840,1,0
21805.033621440,0,0
21810.619499840,0,1
21810.841456320,0,0
21810.841456480,0,1
21810.841457440,0,0
21813.803070240,1,0
21813.803773920,0,0
21816.757151520,0,1
21816.868588480,0,0
22214.014519680,1,0
22214.233136800,0,0
22216.939277760,1,0
22217.158441280,0,0
22217.253233280,0,1
22217.360443520,0,0
22220.087123840,1,0
22220.156938880,1,1
22220.192304320,0,1
22220.268427360,0,0
22225.736938240,0,1
22225.968161440,0,0
22225.968162400,0,1
22225.968163040,0,0
22231.965453280,0,1
22232.221446080,0,0
22240.251513760,0,1
22240.539128160,1,1
22240.590397600,1,0
22240.644595840,0,0
22246.381222880,1,0
22246.381924160,0,0
22249.296444960,1,0
22249.297207360,0,0
22643.593445280,1,0
22643.593445440,0,0
22646.664796960,0,1
22646.813831520,1,1
22646.885532320,1,0
22646.913347680,0,0
22649.580919520,0,1
22649.914447200,0,0
22658.489708480,0,1
22658.603982400,0,0
22664.082629280,0,1
22664.303508160,0,0
22666.956027680,1,0
22666.956027840,0,0
22675.917831520,0,1
22676.026658240,0,0
22678.668090880,1,0
22678.668091040,0,0
22684.403704640,0,1
22684.573301120,1,1
22684.573301280,0,1
22684.633578080,0,0
22745.684045600,1,0
22745.686554560,0,0
22754.073553600,0,1
22754.402105920,0,0
22756.913494560,1,0
22756.913494720,0,0
22759.879539520,0,1
22760.165120480,1,1
22760.205356800,1,0
22760.205357760,1,1
22760.205358400,1,0
22760.270290880,0,0
22765.580661440,1,0
22765.906400320,0,0
22768.500094560,1,0
22768.723656320,0,0
22768.825038560,0,1
22768.914932960,0,0
22771.718756000,0,1
22771.751593920,1,1
22771.825690080,1,0
22771.853120320,0,0
22777.592948480,1,0
22777.700124960,0,0
22786.259657280,1,0
22786.374459360,0,0
22786.443374240,0,1
22786.552256480,0,0
22789.342237600,0,1
22789.443074400,0,0
22792.109669120,1,0
22792.110426720,0,0
22800.965716320,0,1
22801.067244640,0,0
23206.813149280,1,0
23207.146402880,0,0
23210.069173280,0,1
23210.173697440,0,0
23215.651562720,0,1
23215.865257280,0,0
23218.728819840,1,0
23218.837735680,0,0
23224.357981120,0,1
23224.668957280,0,0
23230.414585920,1,0
23230.510484000,0,0
23236.260254880,1,0
23236.365193920,0,0
23241.782961600,0,1
23242.112993600,0,0
23630.972368640,1,0
23631.081180320,0,0
23636.499290880,1,0
23636.499291040,0,0
23639.430591680,1,0
23639.430591840,0,0
23639.454634880,1,0
23639.454635040,0,0
23642.621950400,0,1
23642.724749760,0,0
23645.313375040,1,0
23645.313375200,0,0
23648.195285760,0,1
23648.449163200,0,0
23651.100504800,0,1
23651.321733600,1,1
23651.425165600,0,1
23651.440081760,0,0
23671.775392800,1,0
23671.776208960,0,0
23671.850615680,0,1
23671.947937920,0,0
24054.842533760,0,1
24054.979671520,0,0
24060.639635680,1,0
24060.745123200,0,0
24063.573099360,1,0
24063.573802400,0,0
24069.133162080,0,1
24069.367925280,0,0
24072.336501440,1,0
24072.434297440,0,0
24075.159053600,1,0
24075.159750880,0,0
24077.842562880,0,1
24078.071793440,0,0
24080.992541760,1,0
24081.097667040,0,0
24089.539468960,1,0
24089.769274240,0,0
24092.782687040,0,1
24092.891536480,0,0
24481.597177600,0,1
24481.711551040,0,0
24481.711552160,0,1
24481.711552320,0,0
24490.339856320,1,0
24490.447226400,0,0
24493.212356000,0,1
24493.363807840,0,0
24496.116107840,0,1
24496.221741120,0,0
24507.829237600,0,1
24507.933961920,0,0
24513.390240480,1,0
24513.629261440,0,0
24516.258111840,0,1
24516.258112000,0,0
24519.660565760,0,1
24519.669541440,0,0
24523.156628160,1,0
24523.156628320,0,0
24525.020228480,0,1
24525.020228640,0,0
24525.417801440,1,0
24525.418564160,0,0
24528.219426080,1,0
24528.330258240,0,0
24528.362931520,0,1
24528.365447840,0,0
24931.276324320,1,0
24931.501083840,0,0
24940.060970240,0,1
24940.413980480,0,0
24946.093878240,0,1
24946.201955040,0,0
24954.576265760,0,1
24954.742947680,1,1
24954.742947840,0,1
24954.802511520,0,0
24957.479231360,0,1
24957.712824320,0,0
24992.747015360,1,0
24992.747015520,0,0
25027.782544160,1,0
25027.782544320,0,0
25027.794395840,1,0
25027.794396000,0,0
25082.063586240,1,0
25082.063586400,0,0
25088.261439520,1,0
25088.370176000,0,0
25100.059659040,0,1
25100.166409440,0,0
25102.877729760,1,0
25102.988687360,0,0
25108.722041280,1,0
25108.722867360,0,0
25117.264834560,1,0
25117.604860480,0,0
25123.009847200,0,1
25123.009847360,0,0
25123.329816000,1,0
25123.436895200,0,0
25126.263097600,1,0
25126.368496480,0,0
25126.402059200,0,1
25126.404638560,0,0
25135.095051360,0,1
25135.097596480,0,0
25511.795394240,1,0
25512.017362720,0,0
25520.681493280,0,1
25520.898100800,0,0
25520.898101920,0,1
25520.898102400,0,0
25526.490474560,0,1
25526.718878880,0,0
25529.614865760,0,1
25529.734536480,0,0
25532.521722400,0,1
25532.770023360,0,0
25532.770024320,0,1
25532.770024800,0,0
25535.513876320,1,0
25535.619206720,0,0
25544.233487040,0,1
25544.350384000,0,0
25558.783416640,1,0
25558.892333760,0,0
25564.622580320,1,0
25564.725964000,0,0
25570.465105760,0,1
25570.570997920,0,0
25921.059539360,1,0
25921.280336000,0,0
25926.907107680,1,0
25927.241829920,0,0
25936.106955040,1,0
25936.210014720,0,0
25950.365221280,0,1
25950.698028320,0,0
25950.698029280,0,1
25950.698030240,0,0
25953.420357920,1,0
25953.523628800,0,0
25961.980632960,0,1
25962.003065920,1,1
25962.003066080,0,1
25962.198930720,0,0
25970.695638560,0,1
25971.026296160,0,0
25979.616194400,1,0
25979.616194560,0,0
25994.176271680,1,0
25994.176271840,0,0
26008.843686240,1,0
26008.843686400,0,0
26020.484157280,1,0
26020.484157440,0,0
26029.196235200,1,0
26029.196235360,0,0
26078.910304800,1,0
26078.910304960,0,0
26081.828489440,1,0
26081.828489600,0,0
26081.896659200,1,0
26081.896659360,0,0
26084.808929600,1,0
26084.808929760,0,0
26143.273186400,1,0
26143.273186560,0,0
26178.300775360,1,0
26178.300775520,0,0
26181.248506560,1,0
26181.248506720,0,0
26213.306325440,1,0
26213.306325600,0,0
26240.840752800,1,0
26240.942238080,0,0
26246.723569920,0,1
26246.839870720,0,0
26249.483615360,1,0
26249.483615520,0,0
26252.627031520,1,0
26252.735731200,0,0
26255.540679520,0,1
26255.646073920,0,0
26263.924060160,0,1
26264.257528640,0,0
26275.961831360,0,1
26276.062870880,0,0
26673.236510080,1,0
26673.236510240,0,0
26673.564718080,1,0
26673.663861120,0,0
26690.703023360,0,1
26691.030223040,0,0
26693.821281440,0,1
26693.931854880,0,0
26696.614629280,1,0
26696.614629440,0,0
26699.503548320,1,0
26699.503548480,0,0
26702.311364160,0,1
26702.603817600,1,1
26702.640227520,1,0
26702.716162880,0,0
26705.219554400,0,1
26705.747216320,0,0
26708.436139680,1,0
26708.436843200,0,0
26711.354426080,1,0
26711.355157920,0,0
26711.459730400,0,1
26711.571569760,0,0
27103.197328800,0,1
27103.302064960,0,0
27103.302065440,0,1
27103.302066400,0,0
27106.014405280,1,0
27106.091207360,1,1
27106.125136640,0,1
27106.198414080,0,0
27114.580209760,0,1
27114.819593600,0,0
27117.480759680,0,1
27117.710049440,0,0
27120.631134880,1,0
27120.742020320,0,0
27123.664332480,1,0
27123.665146400,0,0
27126.474486240,1,0
27126.589322720,0,0
27126.625612000,0,1
27126.735572800,0,0
27144.012016800,1,0
27144.122677440,0,0
27144.149527520,0,1
27144.152060480,0,0
27503.385295840,1,0
27503.604631040,0,0
27515.078386240,1,0
27515.410444640,0,0
27526.765971840,1,0
27526.991341760,0,0
27529.922766400,1,0
27530.027721120,0,0
27532.949866880,1,0
27533.062351200,0,0
27538.462185600,0,1
27538.799713440,0,0
27541.379211360,1,0
27541.605963200,0,0
27550.290920480,0,1
27550.405231040,0,0
27942.229746080,0,1
27942.330516800,0,0
27945.137180160,1,0
27945.240476320,0,0
27950.554927680,1,0
27950.773787520,0,0
27953.815862400,1,0
27953.915763040,0,0
27956.761317600,0,1
27956.865090240,0,0
27962.242439040,1,0
27962.458721440,0,0
27965.246266240,1,0
27965.246266400,0,0
27965.494832640,1,0
27965.605716160,0,0
27971.047384640,0,1
27971.275247040,0,0
27976.856460800,0,1
27977.079751680,1,1
27977.080486080,0,1
27977.194558560,0,0
27985.990452000,0,1
27986.094901440,0,0
28363.316548640,1,0
28363.319025600,0,0
28371.528922080,1,0
28371.862284160,0,0
28371.927371520,0,1
28372.038603840,0,0
28380.414086400,0,1
28380.646208960,0,0
28383.542492640,0,1
28383.649044800,0,0
28386.373999040,1,0
28386.475690880,0,0
28389.355547520,0,1
28389.472087680,0,0
28394.930650400,0,1
28395.258735840,1,1
28395.268312960,1,0
28395.358513760,0,0
28400.757588000,1,0
28401.093110560,0,0
28403.971743520,0,1
28404.074749280,0,0
28409.757160960,1,0
28409.864011040,0,0
28409.966937920,0,1
28409.969421120,0,0
28412.673418240,1,0
28412.674162720,0,0
28777.910054080,1,0
28778.227720480,0,0
28801.611939840,0,1
28801.724095200,0,0
28801.724096160,0,1
28801.724096320,0,0
28807.201889760,0,1
28807.419092320,0,0
28815.911995520,0,1
28816.132442080,1,1
28816.230041760,0,1
28816.250047360,0,0
28821.942039200,0,1
28822.037158560,0,0
28830.525013120,1,0
28830.743696160,0,0
28836.694222720,1,0
28836.694971040,0,0
28839.218904000,0,1
28839.218904160,0,0
28839.521842880,1,0
28839.522673760,0,0
28842.561645120,0,1
28842.564206880,0,0
29204.756070880,1,0
29204.756071040,0,0
29207.864219840,0,1
29208.204518720,0,0
29210.770180480,0,1
29210.995115360,0,0
29213.670872320,0,1
29213.889138240,0,0
29222.380931840,0,1
29222.612963680,0,0
29228.202880640,1,0
29228.202880800,0,0
29228.410895360,0,1
29228.527173120,0,0
29237.111473920,1,0
29237.214808640,0,0
29251.749522560,0,1
29251.848724000,0,0
29263.030625280,0,1
29263.354984160,0,0
29640.228996480,1,0
29640.560305760,0,0
29649.391876480,0,1
29649.497391200,0,0
29654.982649920,0,1
29655.217098400,0,0
29661.012027040,0,1
29661.120439840,0,0
29669.550674400,1,0
29669.550674560,0,0
29669.779902560,1,0
29669.892511360,0,0
29678.449683520,1,0
29678.560222560,0,0
29684.068992320,1,0
29684.304110720,0,0
29687.141187840,0,1
29687.245706560,0,0
29690.142472640,1,0
29690.143280160,0,0
30058.542509280,0,1
30058.841410240,1,1
30058.843965440,0,1
30058.879535200,0,0
30070.158945760,0,1
30070.385022720,0,0
30079.087509600,0,1
30079.205024320,0,0
30084.673268960,0,1
30084.816820160,1,1
30084.918273760,0,1
30084.998222240,0,0
30090.709231520,0,1
30090.815673760,0,0
30096.286924480,0,1
30096.719738880,0,0
30102.133029920,1,0
30102.354810560,0,0
30108.222766880,0,1
30108.335233600,0,0
30479.757731200,0,1
30479.870788960,0,0
30485.346117760,0,1
30485.556632960,1,1
30485.654237280,0,1
30485.676700960,0,0
30496.801348000,1,0
30497.020487520,0,0
30508.713331360,1,0
30508.823860800,0,0
30511.692194880,0,1
30511.794694080,0,0
30514.559356480,1,0
30514.560175840,0,0
30517.598057760,1,0
30517.703453920,0,0
30523.087556000,0,1
30523.322505920,0,0
30528.950358720,0,1
30528.950358880,0,0
30531.852833280,0,1
30531.852833440,0,0
30532.098907520,1,0
30532.099637120,0,0
30532.099637280,1,0
30532.099637440,0,0
30537.949268160,1,0
30537.949990400,0,0
30540.505429280,0,1
30540.505429440,0,0
30540.533172000,0,1
30540.533172160,0,0
30540.869082560,1,0
30540.869807520,0,0
30543.408837440,0,1
30543.408837600,0,0
30543.897392000,1,0
30543.898116960,0,0
30546.739474240,0,1
30547.163802560,0,0
30920.695658880,1,0
30920.918530240,0,0
30932.604681600,1,0
30932.715292960,0,0
30947.323631840,0,1
30947.456409600,0,0
30958.906649600,1,0
30958.907383360,0,0
30967.456390240,1,0
30967.683817440,0,0
30970.380840160,1,0
30970.606553440,0,0
30973.530949120,1,0
30973.641968960,0,0
30976.017621120,0,1
30976.017621280,0,0
30976.554906080,0,1
30976.557367360,0,0
31344.467902560,1,0
31344.701780800,0,0
31365.362940640,1,0
31365.469722560,0,0
31370.859696800,0,1
31371.192388320,0,0
31382.472618240,0,1
31382.813185120,0,0
31385.386182880,1,0
31385.723364800,0,0
31388.525696480,1,0
31388.634425280,0,0
31391.182576640,0,1
31391.463695840,1,1
31391.464398880,0,1
31391.512885280,0,0
31403.160174880,1,0
31403.267269280,0,0
31408.998407680,1,0
31408.999180480,0,0
31412.045957760,0,1
31412.048499520,0,0
31777.487315200,1,0
31777.488024320,0,0
31777.555678080,0,1
31777.654775360,0,0
31783.139468000,0,1
31783.481296640,0,0
31786.272714240,0,1
31786.379944800,0,0
31794.753385280,0,1
31794.991870880,0,0
31800.560352640,0,1
31800.787520640,0,0
31829.594658240,0,1
31829.862981440,1,1
31829.862981600,0,1
31829.921538080,0,0
31832.498138720,0,1
31832.828421120,0,0
31835.401575360,0,1
31835.620904160,0,0
31835.620904320,0,1
31835.620905280,0,0
31835.620906240,0,1
31835.620907200,0,0
31835.657123520,1,0
31835.657123680,0,0
31841.524328000,1,0
31841.524328160,0,0
31841.555754080,1,0
31841.555754240,0,0
31847.311680000,1,0
31847.311680160,0,0
31882.426978400,1,0
31882.426978560,0,0
31911.618534560,1,0
31911.618534720,0,0
31911.701447200,1,0
31911.701447360,0,0
31914.605856000,1,0
31914.605856160,0,0
31943.766142080,1,0
31943.766142240,0,0
31943.821306080,1,0
31943.821306240,0,0
31943.845543360,1,0
31943.845543520,0,0
31952.566604000,1,0
31952.566604160,0,0
31964.315519200,1,0
31964.315519360,0,0
32002.242058560,1,0
32002.242058720,0,0
32002.285009120,1,0
32002.285009280,0,0
32002.289516320,1,0
32002.289516480,0,0
32008.057300960,1,0
32008.057301120,0,0
32013.959036640,1,0
32013.959036800,0,0
32063.679425440,1,0
32063.679425600,0,0
32075.351381760,1,0
32075.351381920,0,0
32114.126308480,0,1
32114.352978080,0,0
32114.352978880,0,1
32114.352979840,0,0
32187.039254240,1,0
32187.039254400,0,0
32244.913778720,1,0
32245.016815040,0,0
32253.706575680,0,1
32253.815313760,0,0
32259.300173920,0,1
32259.533879200,1,1
32259.534578880,0,1
32259.611304320,0,0
32265.047586720,1,0
32265.380613440,0,0
32270.902069440,0,1
32271.242647360,0,0
32274.026007520,0,1
32274.145669280,0,0
32297.342597280,0,1
32297.454596000,0,0
32297.454597120,0,1
32297.454597280,0,0
32695.008579040,0,1
32695.122907520,0,0
32709.638902400,1,0
32709.749831840,0,0
32709.842444960,0,1
32709.844945280,0,0
32718.015816800,0,1
32718.350055040,0,0
33104.398161760,0,1
33104.506456800,0,0
33109.977982880,0,1
33110.207568320,0,0
33115.661780960,1,0
33115.989986240,0,0
33116.011856320,0,1
33116.111052160,0,0
33124.748444960,1,0
33124.855773280,0,0
33127.398944640,0,1
33127.622770880,0,0
33136.114000320,0,1
33136.221621760,1,1
33136.221621920,0,1
33136.338525760,0,0
33136.338526880,0,1
33136.338527520,0,0
33139.013069760,0,1
33139.242312960,0,0
33153.530514400,0,1
33153.728441120,1,1
33153.728441280,0,1
33153.759529120,0,0
33153.759529440,0,1
33153.759530400,0,0
33153.759531360,0,1
33153.759532320,0,0
33171.285360480,1,0
33171.285360640,0,0
33174.215966400,1,0
33174.215966560,0,0
33180.024549280,1,0
33180.024549440,0,0
33226.763653440,1,0
33226.763653600,0,0
33241.386147840,1,0
33241.386148000,0,0
33253.043703040,1,0
33253.043703200,0,0
33264.760820320,1,0
33264.760820480,0,0
33319.031977760,0,1
33319.258083840,0,0
33383.127896480,0,1
33383.239881760,0,0
33383.239882880,0,1
33383.239883200,0,0
33391.977845920,1,0
33391.977846080,0,0
33443.578266080,1,0
33443.578266240,0,0
33449.684258720,0,1
33449.907169600,0,0
33452.587647360,0,1
33452.932513120,0,0
33455.821847520,1,0
33455.930600000,0,0
33867.894101280,1,0
33867.894101440,0,0
33868.004929440,0,1
33868.137546720,0,0
33868.137547680,0,1
33868.137548320,0,0
33873.588447520,0,1
33873.919151200,0,0
33901.256158880,1,0
33901.256159040,0,0
33934.782341280,0,1
33934.892511200,0,0
33971.045695040,1,0
33971.045695200,0,0
34001.525155040,1,0
34001.631986240,0,0
34022.094203840,0,1
34022.214547840,0,0
34027.575282240,0,1
34027.575282400,0,0
34027.829069600,1,0
34027.829915840,0,0
34030.700703040,0,1
34030.811887200,0,0
34416.339554080,1,0
34416.339554240,0,0
34419.430958720,0,1
34419.660374880,0,0
34422.561432000,0,1
34422.697487840,0,0
34431.374583360,1,0
34431.481191040,0,0
34437.074080320,0,1
34437.178693120,0,0
34442.653275680,0,1
34442.871758400,0,0
34448.474853440,1,0
34448.489934880,1,1
34448.688635040,1,0
34448.812178240,0,0
34454.327639200,1,0
34454.603722080,1,1
34454.645253600,0,1
34454.718357600,0,0
34457.507921120,0,1
34457.628603200,0,0
34829.029666880,0,1
34829.063703680,1,1
34829.066238560,0,1
34829.137864480,0,0
34843.159347680,1,0
34843.485965280,0,0
34846.230112960,0,1
34846.460166720,0,0
34849.093011680,1,0
34849.093011840,0,0
34852.014585120,1,0
34852.014585280,0,0
34852.036910720,0,1
34852.372874240,0,0
34857.848463520,0,1
34858.069027520,0,0
34860.974949120,0,1
34861.106289760,0,0
34866.553955040,0,1
34866.887510240,0,0
34872.618435040,1,0
34872.719837600,0,0
34881.151096800,1,0
34881.152284320,1,1
34881.152284480,1,0
34881.374887200,0,0
34881.395265760,0,1
34881.498305600,0,0
34892.685133120,0,1
34892.914105760,0,0
34895.958623040,0,1
34896.069243520,0,0
35258.304608960,1,0
35258.647034720,0,0
35261.227488320,1,0
35261.451733440,0,0
35267.414373600,1,0
35267.514218560,0,0
35272.918795840,1,0
35273.249639360,0,0
35278.850923680,0,1
35279.176601120,0,0
35281.691748000,1,0
35281.906067520,0,0
35284.665374720,0,1
35284.998418400,0,0
35287.561710720,0,1
35287.783479840,0,0
35287.851496960,1,0
35287.852274720,0,0
35293.710925280,0,1
35293.821639360,0,0
35310.923694560,1,0
35311.140205280,0,0
35694.355405920,1,0
35694.449287360,0,0
35702.685491680,1,0
35702.912198560,0,0
35708.760731680,1,0
35708.869994560,0,0
35711.480385920,0,1
35711.705767840,0,0
35714.381178080,0,1
35714.597031520,1,1
35714.606942560,1,0
35714.698779360,0,0
35726.068074720,1,0
35726.300576640,0,0
35726.327965280,0,1
35726.427092000,0,0
35737.975160960,1,0
35737.975914240,0,0
35740.915533120,1,0
35741.018692480,0,0
35746.527648960,1,0
35746.759731360,0,0
35749.681288960,1,0
35749.778924960,0,0
35752.606489280,1,0
35752.717030560,0,0
35770.095729280,0,1
35770.098249280,0,0
36123.977291360,0,1
36124.085633760,0,0
36126.490614880,1,0
36126.711395360,0,0
36132.478265120,0,1
36132.666361760,1,1
36132.790281280,0,1
36132.806403680,0,0
36138.504278080,0,1
36138.622895360,0,0
36144.089679200,0,1
36144.315326880,0,0
36150.208419520,1,0
36150.315572320,0,0
36164.416039040,0,1
36164.636354880,0,0
36173.128712640,0,1
36173.471732640,0,0
36173.471732800,0,1
36173.471733760,0,0
36184.736749760,0,1
36184.975488960,0,0
36187.907503200,1,0
36187.907503360,0,0
36217.093783520,1,0
36217.093783680,0,0
36241.362121920,1,0
36241.362122080,0,0
36272.029457440,1,0
36272.129371680,0,0
36295.293923040,0,1
36295.412834240,0,0
36295.412835200,0,1
36295.412835840,0,0
36306.702335840,1,0
36306.702336000,0,0
36309.811241760,1,0
36309.920109600,0,0
36318.579407200,1,0
36318.695471840,0,0
36318.717231520,0,1
36318.827711040,0,0
36321.425472160,0,1
36321.543550080,0,0
36324.421176000,1,0
36324.421967360,0,0
36341.964247680,1,0
36341.965032000,0,0
36344.943768000,0,1
36344.946304800,0,0
36709.995568320,1,0
36710.339686560,0,0
36712.918340960,1,0
36713.147882560,0,0
36733.705682880,0,1
36733.939535040,0,0
36739.328414240,1,0
36739.328414400,0,0
36739.447632320,1,0
36739.549213600,0,0
36747.991559200,1,0
36748.323239200,0,0
36748.323860800,0,1
36748.436706880,0,0
36762.862514720,0,1
36762.973470240,0,0
36771.229452640,0,1
36771.562917440,0,0
37145.782160160,0,1
37146.034019040,0,0
37154.368576320,1,0
37154.595281120,0,0
37157.623596480,0,1
37157.732535520,0,0
37160.443510400,1,0
37160.444223840,0,0
37175.138449280,0,1
37175.248897120,0,0
37180.855181600,0,1
37180.965558240,0,0
37189.441184000,1,0
37189.785180480,0,0
37192.580586560,0,1
37192.690875520,0,0
37192.690875680,0,1
37192.690875840,0,0
37213.079153440,0,1
37213.088116000,0,0
37572.441427360,1,0
37572.671418400,0,0
37584.203331680,0,1
37584.433605760,0,0
37593.125599680,0,1
37593.226527840,0,0
37598.718568640,0,1
37598.957636000,0,0
37598.957637120,0,1
37598.957637760,0,0
37601.847196960,0,1
37601.961675040,0,0
37610.438793920,1,0
37610.438794080,0,0
37624.849908640,0,1
37625.091264160,0,0
37663.155796800,1,0
37663.155796960,0,0
37695.233172800,1,0
37695.233172960,0,0
37721.551123520,1,0
37721.551123680,0,0
37730.320331520,1,0
37730.320331680,0,0
37733.302464000,1,0
37733.302464160,0,0
37768.366608640,1,0
37768.366608800,0,0
37768.375602880,1,0
37768.375603040,0,0
37780.053292000,1,0
37780.053292160,0,0
37785.876932320,1,0
37785.876932480,0,0
37785.902774560,1,0
37785.902774720,0,0
37812.223750880,1,0
37812.223751040,0,0
37879.383910240,1,0
37879.383910400,0,0
37885.195262720,1,0
37885.195262880,0,0
37891.034272480,1,0
37891.034272640,0,0
37899.863482720,1,0
37899.863482880,0,0
37911.550619680,1,0
37911.550619840,0,0
37958.286033920,1,0
37958.286034080,0,0
37958.332500640,1,0
37958.332500800,0,0
37961.213329280,1,0
37961.213329440,0,0
37979.257245600,1,0
37979.259724000,0,0
37987.934112800,1,0
37987.934909600,0,0
38002.542493120,0,1
38002.653269760,0,0
38008.109488960,0,1
38008.400627840,1,1
38008.443888160,1,0
38008.502503840,0,0
38011.236151200,0,1
38011.340475360,0,0
38016.830033920,1,0
38017.055438880,0,0
38020.043234400,0,1
38020.155252160,0,0
38043.386400960,0,1
38043.529407360,0,0
38426.369602880,1,0
38426.370354400,0,0
38434.800096320,1,0
38435.137101600,0,0
38437.844635520,0,1
38438.066477120,0,0
38452.357261120,0,1
38452.584513120,0,0
38458.164472800,0,1
38458.408526880,0,0
38461.067992800,0,1
38461.289409920,0,0
38463.971507680,0,1
38464.302305440,0,0
38481.582130400,1,0
38481.582130560,0,0
38487.511885120,1,0
38487.511885280,0,0
38534.271380160,1,0
38534.271380320,0,0
38563.406235680,1,0
38563.406235840,0,0
38566.381759520,1,0
38566.381759680,0,0
38566.426387680,1,0
38566.426387840,0,0
38572.261887520,1,0
38572.261887680,0,0
38618.111145920,1,0
38618.214871360,0,0
38629.370483680,1,0
38629.594427040,0,0
38635.505039680,0,1
38635.609485920,0,0
38638.248273440,1,0
38638.248273600,0,0
38641.092850080,0,1
38641.321949920,0,0
38643.988604960,0,1
38644.325051040,0,0
38646.905140640,0,1
38647.126398880,0,0
38658.510286080,0,1
38658.818336800,0,0
38670.122190720,0,1
38670.338148640,0,0
38708.358383520,1,0
38708.358383680,0,0
38728.835192960,1,0
38728.835193120,0,0
38734.692579040,1,0
38734.692579200,0,0
38749.206629760,1,0
38749.206629920,0,0
38763.909394560,1,0
38763.909394720,0,0
38813.588104800,1,0
38813.588104960,0,0
38851.546194400,1,0
38851.546194560,0,0
38872.061234560,1,0
38872.061234720,0,0
38915.911965600,1,0
38915.911965760,0,0
38933.418699840,1,0
38933.418700000,0,0
38971.398896320,1,0
38971.398896480,0,0
38991.879506560,1,0
38991.879506720,0,0
39015.218029440,1,0
39015.218029600,0,0
39033.261745600,1,0
39033.264195200,0,0
39061.950216800,1,0
39062.269933120,0,0
39070.820919840,1,0
39070.820920000,0,0
39070.943946240,1,0
39071.047279680,0,0
39073.878513600,1,0
39073.976309760,0,0
39079.507201120,0,1
39079.826995520,0,0
39082.412664480,1,0
39082.943724960,0,0
39097.243097120,1,0
39097.355813440,0,0
39111.485407040,0,1
39111.485407200,0,0
39111.868445440,1,0
39111.869215040,0,0
39120.638108000,1,0
39120.741687840,0,0
39123.553107360,1,0
39123.662092640,0,0
39140.491605920,0,1
39140.491606080,0,0
39152.134161760,0,1
39152.134161920,0,0
39172.459949120,0,1
39172.459949280,0,0
39184.045711040,0,1
39184.045711200,0,0
39213.115349280,0,1
39213.115349440,0,0
39242.100822560,0,1
39242.100822720,0,0
39248.006143840,0,1
39248.006144000,0,0
39262.449364960,0,1
39262.449365120,0,0
39271.174685440,0,1
39271.174685600,0,0
39294.398310720,0,1
39294.398310880,0,0
39308.937091840,0,1
39308.937092000,0,0
39314.768778240,0,1
39314.768778400,0,0
39323.424412000,0,1
39323.424412160,0,0
39329.205944480,0,1
39329.205944640,0,0
39349.549091840,0,1
39349.549092000,0,0
39349.558058880,0,1
39349.558059040,0,0
39378.609307040,0,1
39378.609307200,0,0
39401.825931200,0,1
39401.825931360,0,0
39407.664430240,0,1
39407.664430400,0,0
39413.433429920,0,1
39413.433430080,0,0
39442.444516640,0,1
39442.444516800,0,0
39471.256959520,1,0
39471.574733600,0,0
39477.434061760,1,0
39477.434841440,0,0
39488.998983360,0,1
39488.998983520,0,0
39494.636652480,1,0
39494.859198240,0,0
39494.931131680,0,1
39495.041106560,0,0
39500.484712160,1,0
39500.809630560,0,0
39503.632894400,1,0
39503.633740000,0,0
39512.173460480,1,0
39512.513127200,0,0
39515.350458880,0,1
39515.449781280,0,0
39535.791343520,1,0
39535.896330240,0,0
39544.085000480,0,1
39544.085000640,0,0
39547.466314880,1,0
39547.467113280,0,0
39552.849691200,0,1
39552.849691360,0,0
39593.430920960,0,1
39593.430921120,0,0
39596.353823200,0,1
39596.353823360,0,0
39616.723572640,0,1
39616.723572800,0,0
39628.333939040,0,1
39628.333939200,0,0
39631.279271360,0,1
39631.279271520,0,0
39634.094582560,0,1
39634.094582720,0,0
39654.492431040,0,1
39654.492431200,0,0
39663.114862080,0,1
39663.114862240,0,0
39689.333705760,0,1
39689.333705920,0,0
39700.874359200,0,1
39700.874359360,0,0
39715.402742880,0,1
39715.402743040,0,0
39718.321575520,0,1
39718.321575680,0,0
39724.153860960,0,1
39724.153861120,0,0
39727.093669920,0,1
39727.093670080,0,0
39767.716214400,0,1
39767.716214560,0,0
39776.435078080,0,1
39776.435078240,0,0
39828.633837760,0,1
39828.633837920,0,0
39834.458470400,0,1
39834.458470560,0,0
39849.033140800,0,1
39849.033140960,0,0
39851.912304480,0,1
39851.912304640,0,0
39863.466950240,0,1
39863.466950400,0,0
39866.361435360,0,1
39866.361435520,0,0
39866.424490080,0,1
39866.424490240,0,0
39889.325402080,1,0
39889.665346880,0,0
39892.245411840,1,0
39892.571350880,0,0
39901.346300320,1,0
39901.347017440,0,0
39909.781049280,1,0
39909.992072320,1,1
39909.992072480,1,0
39910.015329120,0,0
39913.031502400,1,0
39913.032229280,0,0
39915.953548160,0,1
39916.063766240,0,0
39918.875812960,1,0
39918.984624320,0,0
39924.432309280,0,1
39924.660176480,0,0
39927.333621760,0,1
39927.555908320,0,0
39933.388762880,1,0
39933.389535200,0,0
39936.380358560,0,1
39936.485413280,0,0
39939.007777600,1,0
39939.240323520,0,0
39945.077600000,1,0
39945.078418240,0,0
40307.289170400,1,0
40307.511942400,0,0
40339.843262880,0,1
40339.950167360,0,0
40339.950168320,0,1
40339.950169120,0,0
40342.808608000,1,0
40342.913826720,0,0
40348.656523840,1,0
40348.759973280,0,0
40757.671442880,1,0
40757.671443040,0,0
40760.618366880,0,1
40760.769374560,1,1
40760.852831680,1,0
40760.889237120,0,0
40763.521747680,0,1
40763.705269440,1,1
40763.808647520,0,1
40763.846058240,0,0
40766.425175520,0,1
40766.775899840,0,0
40769.541984320,1,0
40769.649196480,0,0
40775.392228960,1,0
40775.461290720,1,1
40775.499276960,0,1
40775.570809600,0,0
40781.041838880,0,1
40781.041839040,0,0
40784.283534560,0,1
40784.390338080,0,0
40787.068430240,1,0
40787.069217760,0,0
40792.985532960,0,1
40793.094028800,0,0
40857.134694400,0,0
